"Week","Date","Away","Home","CBSGameID","Slug"
"P1","20260806","CAR","ARI","50029158","NFL_20260806_CAR@ARI"
"P2","20260813","DET","CIN","50029459","NFL_20260813_DET@CIN"
"P2","20260813","GB","PIT","50029460","NFL_20260813_GB@PIT"
"P2","20260813","IND","NE","50029461","NFL_20260813_IND@NE"
"P2","20260813","TEN","SF","50029478","NFL_20260813_TEN@SF"
"P2","20260813","LAC","HOU","50029479","NFL_20260813_LAC@HOU"
"P2","20260813","ARI","LV","50029577","NFL_20260813_ARI@LV"
"P2","20260814","MIA","WAS","50029462","NFL_20260814_MIA@WAS"
"P2","20260814","DEN","ATL","50029480","NFL_20260814_DEN@ATL"
"P2","20260814","TB","NYJ","50029481","NFL_20260814_TB@NYJ"
"P2","20260815","CAR","BUF","50029463","NFL_20260815_CAR@BUF"
"P2","20260815","PHI","BAL","50029464","NFL_20260815_PHI@BAL"
"P2","20260815","MIN","NYG","50029482","NFL_20260815_MIN@NYG"
"P2","20260815","LAR","KC","50029483","NFL_20260815_LAR@KC"
"P2","20260815","JAC","NO","50029484","NFL_20260815_JAC@NO"
"P2","20260815","DAL","SEA","50029485","NFL_20260815_DAL@SEA"
"P2","20260815","CLE","CHI","50029641","NFL_20260815_CLE@CHI"
"P3","20260820","LV","HOU","50029465","NFL_20260820_LV@HOU"
"P3","20260820","SF","LAC","50029486","NFL_20260820_SF@LAC"
"P3","20260821","NYJ","PIT","50029466","NFL_20260821_NYJ@PIT"
"P3","20260821","CAR","JAC","50029487","NFL_20260821_CAR@JAC"
"P3","20260821","GB","DEN","50029560","NFL_20260821_GB@DEN"
"P3","20260822","BUF","CLE","50029467","NFL_20260822_BUF@CLE"
"P3","20260822","BAL","MIN","50029468","NFL_20260822_BAL@MIN"
"P3","20260822","NYG","MIA","50029469","NFL_20260822_NYG@MIA"
"P3","20260822","CHI","CIN","50029470","NFL_20260822_CHI@CIN"
"P3","20260822","PHI","NE","50029471","NFL_20260822_PHI@NE"
"P3","20260822","ATL","IND","50029488","NFL_20260822_ATL@IND"
"P3","20260822","NO","LAR","50029489","NFL_20260822_NO@LAR"
"P3","20260822","KC","TB","50029490","NFL_20260822_KC@TB"
"P3","20260822","WAS","DET","50029561","NFL_20260822_WAS@DET"
"P3","20260822","DAL","ARI","50029594","NFL_20260822_DAL@ARI"
"P3","20260823","SEA","TEN","50029472","NFL_20260823_SEA@TEN"
"P4","20260827","PIT","BUF","50029473","NFL_20260827_PIT@BUF"
"P4","20260827","NE","CLE","50029474","NFL_20260827_NE@CLE"
"P4","20260827","SF","LV","50029491","NFL_20260827_SF@LV"
"P4","20260827","LAR","LAC","50029492","NFL_20260827_LAR@LAC"
"P4","20260828","WAS","BAL","50029475","NFL_20260828_WAS@BAL"
"P4","20260828","ATL","MIA","50029476","NFL_20260828_ATL@MIA"
"P4","20260828","CIN","PHI","50029477","NFL_20260828_CIN@PHI"
"P4","20260828","HOU","CAR","50029493","NFL_20260828_HOU@CAR"
"P4","20260828","TB","JAC","50029494","NFL_20260828_TB@JAC"
"P4","20260828","NYG","NYJ","50029495","NFL_20260828_NYG@NYJ"
"P4","20260828","SEA","KC","50029496","NFL_20260828_SEA@KC"
"P4","20260828","MIN","DEN","50029562","NFL_20260828_MIN@DEN"
"P4","20260828","ARI","GB","50029595","NFL_20260828_ARI@GB"
"P4","20260828","NO","DAL","50029600","NFL_20260828_NO@DAL"
"P4","20260829","DET","IND","50029497","NFL_20260829_DET@IND"
"P4","20260829","CHI","TEN","50029640","NFL_20260829_CHI@TEN"
"1","20260909","NE","SEA","50029202","NFL_20260909_NE@SEA"
"1","20260910","SF","LAR","50029162","NFL_20260910_SF@LAR"
"1","20260913","DAL","NYG","50029159","NFL_20260913_DAL@NYG"
"1","20260913","TB","CIN","50029203","NFL_20260913_TB@CIN"
"1","20260913","BUF","HOU","50029204","NFL_20260913_BUF@HOU"
"1","20260913","BAL","IND","50029205","NFL_20260913_BAL@IND"
"1","20260913","GB","MIN","50029206","NFL_20260913_GB@MIN"
"1","20260913","WAS","PHI","50029207","NFL_20260913_WAS@PHI"
"1","20260913","CHI","CAR","50029214","NFL_20260913_CHI@CAR"
"1","20260913","NO","DET","50029215","NFL_20260913_NO@DET"
"1","20260913","CLE","JAC","50029216","NFL_20260913_CLE@JAC"
"1","20260913","ATL","PIT","50029217","NFL_20260913_ATL@PIT"
"1","20260913","NYJ","TEN","50029218","NFL_20260913_NYJ@TEN"
"1","20260913","MIA","LV","50029219","NFL_20260913_MIA@LV"
"1","20260913","ARI","LAC","50029220","NFL_20260913_ARI@LAC"
"1","20260914","DEN","KC","50029172","NFL_20260914_DEN@KC"
"2","20260917","DET","BUF","50029170","NFL_20260917_DET@BUF"
"2","20260920","CIN","HOU","50029208","NFL_20260920_CIN@HOU"
"2","20260920","PIT","NE","50029209","NFL_20260920_PIT@NE"
"2","20260920","CLE","TB","50029210","NFL_20260920_CLE@TB"
"2","20260920","WAS","DAL","50029211","NFL_20260920_WAS@DAL"
"2","20260920","CAR","ATL","50029221","NFL_20260920_CAR@ATL"
"2","20260920","NO","BAL","50029222","NFL_20260920_NO@BAL"
"2","20260920","MIN","CHI","50029223","NFL_20260920_MIN@CHI"
"2","20260920","GB","NYJ","50029224","NFL_20260920_GB@NYJ"
"2","20260920","PHI","TEN","50029225","NFL_20260920_PHI@TEN"
"2","20260920","JAC","DEN","50029226","NFL_20260920_JAC@DEN"
"2","20260920","LV","LAC","50029227","NFL_20260920_LV@LAC"
"2","20260920","SEA","ARI","50029228","NFL_20260920_SEA@ARI"
"2","20260920","MIA","SF","50029229","NFL_20260920_MIA@SF"
"2","20260920","IND","KC","50029230","NFL_20260920_IND@KC"
"2","20260921","NYG","LAR","50029212","NFL_20260921_NYG@LAR"
"3","20260924","ATL","GB","50029231","NFL_20260924_ATL@GB"
"3","20260927","BAL","DAL","50029160","NFL_20260927_BAL@DAL"
"3","20260927","LAC","BUF","50029232","NFL_20260927_LAC@BUF"
"3","20260927","CAR","CLE","50029233","NFL_20260927_CAR@CLE"
"3","20260927","NYJ","DET","50029234","NFL_20260927_NYJ@DET"
"3","20260927","HOU","IND","50029235","NFL_20260927_HOU@IND"
"3","20260927","NE","JAC","50029236","NFL_20260927_NE@JAC"
"3","20260927","KC","MIA","50029237","NFL_20260927_KC@MIA"
"3","20260927","TEN","NYG","50029238","NFL_20260927_TEN@NYG"
"3","20260927","CIN","PIT","50029239","NFL_20260927_CIN@PIT"
"3","20260927","SEA","WAS","50029240","NFL_20260927_SEA@WAS"
"3","20260927","ARI","SF","50029241","NFL_20260927_ARI@SF"
"3","20260927","MIN","TB","50029242","NFL_20260927_MIN@TB"
"3","20260927","LV","NO","50029243","NFL_20260927_LV@NO"
"3","20260927","LAR","DEN","50029244","NFL_20260927_LAR@DEN"
"3","20260928","PHI","CHI","50029245","NFL_20260928_PHI@CHI"
"4","20261001","PIT","CLE","50029246","NFL_20261001_PIT@CLE"
"4","20261004","IND","WAS","50029180","NFL_20261004_IND@WAS"
"4","20261004","NE","BUF","50029213","NFL_20261004_NE@BUF"
"4","20261004","TEN","BAL","50029247","NFL_20261004_TEN@BAL"
"4","20261004","NYJ","CHI","50029248","NFL_20261004_NYJ@CHI"
"4","20261004","JAC","CIN","50029249","NFL_20261004_JAC@CIN"
"4","20261004","DAL","HOU","50029250","NFL_20261004_DAL@HOU"
"4","20261004","ARI","NYG","50029251","NFL_20261004_ARI@NYG"
"4","20261004","LAR","PHI","50029252","NFL_20261004_LAR@PHI"
"4","20261004","GB","TB","50029253","NFL_20261004_GB@TB"
"4","20261004","MIA","MIN","50029254","NFL_20261004_MIA@MIN"
"4","20261004","KC","LV","50029255","NFL_20261004_KC@LV"
"4","20261004","DEN","SF","50029256","NFL_20261004_DEN@SF"
"4","20261004","LAC","SEA","50029257","NFL_20261004_LAC@SEA"
"4","20261004","DET","CAR","50029258","NFL_20261004_DET@CAR"
"4","20261005","ATL","NO","50029259","NFL_20261005_ATL@NO"
"5","20261008","TB","DAL","50029260","NFL_20261008_TB@DAL"
"5","20261011","PHI","JAC","50029181","NFL_20261011_PHI@JAC"
"5","20261011","CIN","MIA","50029261","NFL_20261011_CIN@MIA"
"5","20261011","LV","NE","50029262","NFL_20261011_LV@NE"
"5","20261011","MIN","NO","50029263","NFL_20261011_MIN@NO"
"5","20261011","CLE","NYJ","50029264","NFL_20261011_CLE@NYJ"
"5","20261011","IND","PIT","50029265","NFL_20261011_IND@PIT"
"5","20261011","HOU","TEN","50029266","NFL_20261011_HOU@TEN"
"5","20261011","NYG","WAS","50029267","NFL_20261011_NYG@WAS"
"5","20261011","DEN","LAC","50029268","NFL_20261011_DEN@LAC"
"5","20261011","DET","ARI","50029269","NFL_20261011_DET@ARI"
"5","20261011","CHI","GB","50029270","NFL_20261011_CHI@GB"
"5","20261011","SF","SEA","50029271","NFL_20261011_SF@SEA"
"5","20261011","BAL","ATL","50029272","NFL_20261011_BAL@ATL"
"5","20261012","BUF","LAR","50029273","NFL_20261012_BUF@LAR"
"6","20261015","SEA","DEN","50029274","NFL_20261015_SEA@DEN"
"6","20261018","HOU","JAC","50029182","NFL_20261018_HOU@JAC"
"6","20261018","CHI","ATL","50029275","NFL_20261018_CHI@ATL"
"6","20261018","BAL","CLE","50029276","NFL_20261018_BAL@CLE"
"6","20261018","TEN","IND","50029277","NFL_20261018_TEN@IND"
"6","20261018","NYJ","NE","50029278","NFL_20261018_NYJ@NE"
"6","20261018","NO","NYG","50029279","NFL_20261018_NO@NYG"
"6","20261018","CAR","PHI","50029280","NFL_20261018_CAR@PHI"
"6","20261018","PIT","TB","50029281","NFL_20261018_PIT@TB"
"6","20261018","ARI","LAR","50029282","NFL_20261018_ARI@LAR"
"6","20261018","LAC","KC","50029283","NFL_20261018_LAC@KC"
"6","20261018","BUF","LV","50029284","NFL_20261018_BUF@LV"
"6","20261018","DAL","GB","50029285","NFL_20261018_DAL@GB"
"6","20261019","WAS","SF","50029286","NFL_20261019_WAS@SF"
"7","20261022","NE","CHI","50029403","NFL_20261022_NE@CHI"
"7","20261025","PIT","NO","50029183","NFL_20261025_PIT@NO"
"7","20261025","SF","ATL","50029404","NFL_20261025_SF@ATL"
"7","20261025","CIN","BAL","50029405","NFL_20261025_CIN@BAL"
"7","20261025","TB","CAR","50029406","NFL_20261025_TB@CAR"
"7","20261025","NYG","HOU","50029426","NFL_20261025_NYG@HOU"
"7","20261025","IND","MIN","50029427","NFL_20261025_IND@MIN"
"7","20261025","MIA","NYJ","50029428","NFL_20261025_MIA@NYJ"
"7","20261025","CLE","TEN","50029429","NFL_20261025_CLE@TEN"
"7","20261025","DEN","ARI","50029430","NFL_20261025_DEN@ARI"
"7","20261025","GB","DET","50029431","NFL_20261025_GB@DET"
"7","20261025","LAR","LV","50029432","NFL_20261025_LAR@LV"
"7","20261025","KC","SEA","50029433","NFL_20261025_KC@SEA"
"7","20261026","DAL","PHI","50029434","NFL_20261026_DAL@PHI"
"8","20261029","CAR","GB","50029287","NFL_20261029_CAR@GB"
"8","20261101","BAL","BUF","50029288","NFL_20261101_BAL@BUF"
"8","20261101","TEN","CIN","50029289","NFL_20261101_TEN@CIN"
"8","20261101","ARI","DAL","50029407","NFL_20261101_ARI@DAL"
"8","20261101","MIN","DET","50029408","NFL_20261101_MIN@DET"
"8","20261101","IND","JAC","50029409","NFL_20261101_IND@JAC"
"8","20261101","LV","NYJ","50029410","NFL_20261101_LV@NYJ"
"8","20261101","CLE","PIT","50029411","NFL_20261101_CLE@PIT"
"8","20261101","ATL","TB","50029412","NFL_20261101_ATL@TB"
"8","20261101","LAC","LAR","50029413","NFL_20261101_LAC@LAR"
"8","20261101","KC","DEN","50029414","NFL_20261101_KC@DEN"
"8","20261101","NE","MIA","50029415","NFL_20261101_NE@MIA"
"8","20261101","PHI","WAS","50029416","NFL_20261101_PHI@WAS"
"8","20261102","CHI","SEA","50029417","NFL_20261102_CHI@SEA"
"9","20261105","JAC","BAL","50029290","NFL_20261105_JAC@BAL"
"9","20261108","CIN","ATL","50029173","NFL_20261108_CIN@ATL"
"9","20261108","DEN","CAR","50029291","NFL_20261108_DEN@CAR"
"9","20261108","DAL","IND","50029292","NFL_20261108_DAL@IND"
"9","20261108","NYJ","KC","50029293","NFL_20261108_NYJ@KC"
"9","20261108","DET","MIA","50029294","NFL_20261108_DET@MIA"
"9","20261108","CLE","NO","50029295","NFL_20261108_CLE@NO"
"9","20261108","NYG","PHI","50029296","NFL_20261108_NYG@PHI"
"9","20261108","LAR","WAS","50029297","NFL_20261108_LAR@WAS"
"9","20261108","HOU","LAC","50029298","NFL_20261108_HOU@LAC"
"9","20261108","LV","SF","50029299","NFL_20261108_LV@SF"
"9","20261108","GB","NE","50029300","NFL_20261108_GB@NE"
"9","20261108","ARI","SEA","50029301","NFL_20261108_ARI@SEA"
"9","20261108","TB","CHI","50029302","NFL_20261108_TB@CHI"
"9","20261109","BUF","MIN","50029303","NFL_20261109_BUF@MIN"
"10","20261112","WAS","NYG","50029304","NFL_20261112_WAS@NYG"
"10","20261115","NE","DET","50029184","NFL_20261115_NE@DET"
"10","20261115","KC","ATL","50029305","NFL_20261115_KC@ATL"
"10","20261115","HOU","CLE","50029306","NFL_20261115_HOU@CLE"
"10","20261115","MIN","GB","50029307","NFL_20261115_MIN@GB"
"10","20261115","MIA","IND","50029308","NFL_20261115_MIA@IND"
"10","20261115","CAR","NO","50029309","NFL_20261115_CAR@NO"
"10","20261115","BUF","NYJ","50029310","NFL_20261115_BUF@NYJ"
"10","20261115","JAC","TEN","50029311","NFL_20261115_JAC@TEN"
"10","20261115","LAR","ARI","50029312","NFL_20261115_LAR@ARI"
"10","20261115","SEA","LV","50029313","NFL_20261115_SEA@LV"
"10","20261115","SF","DAL","50029314","NFL_20261115_SF@DAL"
"10","20261115","PIT","CIN","50029315","NFL_20261115_PIT@CIN"
"10","20261116","LAC","BAL","50029316","NFL_20261116_LAC@BAL"
"11","20261119","IND","HOU","50029317","NFL_20261119_IND@HOU"
"11","20261122","MIN","SF","50029185","NFL_20261122_MIN@SF"
"11","20261122","MIA","BUF","50029318","NFL_20261122_MIA@BUF"
"11","20261122","BAL","CAR","50029319","NFL_20261122_BAL@CAR"
"11","20261122","NO","CHI","50029320","NFL_20261122_NO@CHI"
"11","20261122","TEN","DAL","50029321","NFL_20261122_TEN@DAL"
"11","20261122","TB","DET","50029322","NFL_20261122_TB@DET"
"11","20261122","ARI","KC","50029323","NFL_20261122_ARI@KC"
"11","20261122","JAC","NYG","50029324","NFL_20261122_JAC@NYG"
"11","20261122","NYJ","LAC","50029325","NFL_20261122_NYJ@LAC"
"11","20261122","LV","DEN","50029326","NFL_20261122_LV@DEN"
"11","20261122","PIT","PHI","50029327","NFL_20261122_PIT@PHI"
"11","20261123","CIN","WAS","50029328","NFL_20261123_CIN@WAS"
"12","20261125","GB","LAR","50029190","NFL_20261125_GB@LAR"
"12","20261126","PHI","DAL","50029161","NFL_20261126_PHI@DAL"
"12","20261126","CHI","DET","50029200","NFL_20261126_CHI@DET"
"12","20261126","KC","BUF","50029329","NFL_20261126_KC@BUF"
"12","20261127","DEN","PIT","50029330","NFL_20261127_DEN@PIT"
"12","20261129","NO","CIN","50029331","NFL_20261129_NO@CIN"
"12","20261129","LV","CLE","50029332","NFL_20261129_LV@CLE"
"12","20261129","BAL","HOU","50029333","NFL_20261129_BAL@HOU"
"12","20261129","NYG","IND","50029334","NFL_20261129_NYG@IND"
"12","20261129","NYJ","MIA","50029335","NFL_20261129_NYJ@MIA"
"12","20261129","ATL","MIN","50029336","NFL_20261129_ATL@MIN"
"12","20261129","TEN","JAC","50029337","NFL_20261129_TEN@JAC"
"12","20261129","WAS","ARI","50029338","NFL_20261129_WAS@ARI"
"12","20261129","SEA","SF","50029339","NFL_20261129_SEA@SF"
"12","20261129","NE","LAC","50029340","NFL_20261129_NE@LAC"
"12","20261130","CAR","TB","50029341","NFL_20261130_CAR@TB"
"13","20261203","KC","LAR","50029342","NFL_20261203_KC@LAR"
"13","20261206","DET","ATL","50029343","NFL_20261206_DET@ATL"
"13","20261206","JAC","CHI","50029344","NFL_20261206_JAC@CHI"
"13","20261206","CIN","CLE","50029345","NFL_20261206_CIN@CLE"
"13","20261206","GB","NO","50029346","NFL_20261206_GB@NO"
"13","20261206","SF","NYG","50029347","NFL_20261206_SF@NYG"
"13","20261206","LAC","TB","50029348","NFL_20261206_LAC@TB"
"13","20261206","WAS","TEN","50029349","NFL_20261206_WAS@TEN"
"13","20261206","PHI","ARI","50029350","NFL_20261206_PHI@ARI"
"13","20261206","MIA","DEN","50029351","NFL_20261206_MIA@DEN"
"13","20261206","CAR","MIN","50029352","NFL_20261206_CAR@MIN"
"13","20261206","BUF","NE","50029353","NFL_20261206_BUF@NE"
"13","20261206","HOU","PIT","50029354","NFL_20261206_HOU@PIT"
"13","20261207","DAL","SEA","50029355","NFL_20261207_DAL@SEA"
"14","20261210","MIN","NE","50029356","NFL_20261210_MIN@NE"
"14","20261213","TB","BAL","50029357","NFL_20261213_TB@BAL"
"14","20261213","NO","CAR","50029358","NFL_20261213_NO@CAR"
"14","20261213","ATL","CLE","50029359","NFL_20261213_ATL@CLE"
"14","20261213","TEN","DET","50029360","NFL_20261213_TEN@DET"
"14","20261213","CHI","MIA","50029361","NFL_20261213_CHI@MIA"
"14","20261213","DEN","NYJ","50029362","NFL_20261213_DEN@NYJ"
"14","20261213","IND","PHI","50029363","NFL_20261213_IND@PHI"
"14","20261213","HOU","WAS","50029364","NFL_20261213_HOU@WAS"
"14","20261213","LAC","LV","50029365","NFL_20261213_LAC@LV"
"14","20261213","KC","CIN","50029366","NFL_20261213_KC@CIN"
"14","20261213","LAR","SF","50029367","NFL_20261213_LAR@SF"
"14","20261213","NYG","SEA","50029368","NFL_20261213_NYG@SEA"
"14","20261213","BUF","GB","50029369","NFL_20261213_BUF@GB"
"14","20261214","PIT","JAC","50029370","NFL_20261214_PIT@JAC"
"15","20261217","SF","LAC","50029371","NFL_20261217_SF@LAC"
"15","20261219","SEA","PHI","50029372","NFL_20261219_SEA@PHI"
"15","20261219","CHI","BUF","50029373","NFL_20261219_CHI@BUF"
"15","20261220","CIN","CAR","50029374","NFL_20261220_CIN@CAR"
"15","20261220","MIA","GB","50029375","NFL_20261220_MIA@GB"
"15","20261220","JAC","HOU","50029376","NFL_20261220_JAC@HOU"
"15","20261220","CLE","NYG","50029377","NFL_20261220_CLE@NYG"
"15","20261220","BAL","PIT","50029378","NFL_20261220_BAL@PIT"
"15","20261220","NO","TB","50029379","NFL_20261220_NO@TB"
"15","20261220","IND","TEN","50029380","NFL_20261220_IND@TEN"
"15","20261220","ATL","WAS","50029381","NFL_20261220_ATL@WAS"
"15","20261220","NYJ","ARI","50029382","NFL_20261220_NYJ@ARI"
"15","20261220","DEN","LV","50029383","NFL_20261220_DEN@LV"
"15","20261220","DAL","LAR","50029384","NFL_20261220_DAL@LAR"
"15","20261220","DET","MIN","50029385","NFL_20261220_DET@MIN"
"15","20261221","NE","KC","50029386","NFL_20261221_NE@KC"
"16","20261224","HOU","PHI","50029387","NFL_20261224_HOU@PHI"
"16","20261225","GB","CHI","50029388","NFL_20261225_GB@CHI"
"16","20261225","BUF","DEN","50029389","NFL_20261225_BUF@DEN"
"16","20261225","LAR","SEA","50029390","NFL_20261225_LAR@SEA"
"16","20261227","TB","ATL","50029391","NFL_20261227_TB@ATL"
"16","20261227","CIN","IND","50029392","NFL_20261227_CIN@IND"
"16","20261227","WAS","MIN","50029393","NFL_20261227_WAS@MIN"
"16","20261227","CAR","PIT","50029394","NFL_20261227_CAR@PIT"
"16","20261227","CLE","BAL","50029395","NFL_20261227_CLE@BAL"
"16","20261227","LAC","MIA","50029396","NFL_20261227_LAC@MIA"
"16","20261227","ARI","NO","50029397","NFL_20261227_ARI@NO"
"16","20261227","NE","NYJ","50029398","NFL_20261227_NE@NYJ"
"16","20261227","TEN","LV","50029399","NFL_20261227_TEN@LV"
"16","20261227","SF","KC","50029400","NFL_20261227_SF@KC"
"16","20261227","JAC","DAL","50029401","NFL_20261227_JAC@DAL"
"16","20261228","NYG","DET","50029402","NFL_20261228_NYG@DET"
"17","20261231","BAL","CIN","50029418","NFL_20261231_BAL@CIN"
"17","20270103","WAS","JAC","50029419","NFL_20270103_WAS@JAC"
"17","20270103","KC","LAC","50029420","NFL_20270103_KC@LAC"
"17","20270103","DEN","NE","50029421","NFL_20270103_DEN@NE"
"17","20270103","LAR","TB","50029422","NFL_20270103_LAR@TB"
"17","20270103","NO","ATL","50029423","NFL_20270103_NO@ATL"
"17","20270103","SEA","CAR","50029424","NFL_20270103_SEA@CAR"
"17","20270103","IND","CLE","50029425","NFL_20270103_IND@CLE"
"17","20270103","NYG","DAL","50029435","NFL_20270103_NYG@DAL"
"17","20270103","BUF","MIA","50029436","NFL_20270103_BUF@MIA"
"17","20270103","MIN","NYJ","50029437","NFL_20270103_MIN@NYJ"
"17","20270103","PIT","TEN","50029438","NFL_20270103_PIT@TEN"
"17","20270103","LV","ARI","50029439","NFL_20270103_LV@ARI"
"17","20270103","DET","CHI","50029440","NFL_20270103_DET@CHI"
"17","20270103","PHI","SF","50029441","NFL_20270103_PHI@SF"
"17","20270104","HOU","GB","50029442","NFL_20270104_HOU@GB"
"18","20270110","SF","ARI","50029443","NFL_20270110_SF@ARI"
"18","20270110","PIT","BAL","50029444","NFL_20270110_PIT@BAL"
"18","20270110","NYJ","BUF","50029445","NFL_20270110_NYJ@BUF"
"18","20270110","ATL","CAR","50029446","NFL_20270110_ATL@CAR"
"18","20270110","CLE","CIN","50029447","NFL_20270110_CLE@CIN"
"18","20270110","LAC","DEN","50029448","NFL_20270110_LAC@DEN"
"18","20270110","DET","GB","50029449","NFL_20270110_DET@GB"
"18","20270110","TEN","HOU","50029450","NFL_20270110_TEN@HOU"
"18","20270110","JAC","IND","50029451","NFL_20270110_JAC@IND"
"18","20270110","LV","KC","50029452","NFL_20270110_LV@KC"
"18","20270110","SEA","LAR","50029453","NFL_20270110_SEA@LAR"
"18","20270110","CHI","MIN","50029454","NFL_20270110_CHI@MIN"
"18","20270110","MIA","NE","50029455","NFL_20270110_MIA@NE"
"18","20270110","TB","NO","50029456","NFL_20270110_TB@NO"
"18","20270110","PHI","NYG","50029457","NFL_20270110_PHI@NYG"
"18","20270110","DAL","WAS","50029458","NFL_20270110_DAL@WAS"
